<USER_MODULE_INFO_DB><USER_MODULE_INFO_LIST><USER_MODULE_INFO NAME="CMPPRG_27" PATH="C:\PROGRAM FILES\CYPRESS MICROSYSTEMS\PSOC DESIGNER\DATA\STDUM\CMPPRG\CMPPRG_27.xml"/><USER_MODULE_INFO NAME="LCD" PATH="C:\PROGRAM FILES\CYPRESS MICROSYSTEMS\PSOC DESIGNER\DATA\STDUM\LCD\LCD.xml"/><USER_MODULE_INFO NAME="Cntr2427" PATH="C:\PROGRAM FILES\CYPRESS MICROSYSTEMS\PSOC DESIGNER\DATA\STDUM\COUNTER24\Cntr2427.xml"/><USER_MODULE_INFO NAME="Tmr1627" PATH="C:\PROGRAM FILES\CYPRESS MICROSYSTEMS\PSOC DESIGNER\DATA\STDUM\TIMER16\Tmr1627.xml"/></USER_MODULE_INFO_LIST><STDDEVICES_INFO_LIST><STDDEVICES_INFO NAME="STDDEVICESBC1" PATH="C:\Program Files\Cypress MicroSystems\PSoC Designer\data\STDDEVICESBC1.xml"/><STDDEVICES_INFO NAME="STDDEVICESBC2" PATH="C:\Program Files\Cypress MicroSystems\PSoC Designer\data\STDDEVICESBC2.xml"/></STDDEVICES_INFO_LIST></USER_MODULE_INFO_DB>
